date,agricultural_land%,forest_land%,land_area,avg_precipitation,trade_in_services%,control_of_corruption_estimate,control_of_corruption_std,access_to_electricity%,renewvable_energy_consumption%,electric_power_consumption,CO2_emisions,other_greenhouse_emisions,population_density,inflation_annual%,real_interest_rate,risk_premium_on_lending,research_and_development_expenditure%,central_goverment_debt%,tax_revenue%,expense%,goverment_effectiveness_estimate,goverment_effectiveness_std,human_capital_index,doing_business,time_to_get_operation_license,statistical_performance_indicators,individuals_using_internet%,logistic_performance_index,military_expenditure%,GDP_current_US,political_stability_estimate,political_stability_std,rule_of_law_estimate,rule_of_law_std,regulatory_quality_estimate,regulatory_quality_std,government_expenditure_on_education%,government_health_expenditure%,multidimensional_poverty_headcount_ratio%,gini_index,birth_rate,death_rate,life_expectancy_at_birth,population,rural_population,voice_and_accountability_estimate,voice_and_accountability_std,intentional_homicides
1960-01-01,0.0,0.0,0.0,0.0,20.6053909817276,0.0,0.0,0.0,0.0,67336.9069389815,0.0,0.0,0.0,248.84856984171049,0.0,7.03333333408332,0.0,0.0,0.0,0.0,0.0,0.0,0.0,0.0,0.0,0.0,0.0,0.0,274.3514773063799,9192869239950.906,0.0,0.0,0.0,0.0,0.0,0.0,0.0,0.0,0.0,0.0,9678.089657219445,4091.738393579389,13493.306487647262,30963509039.0,21625523067.0,0.0,0.0,0.0
1961-01-01,8098.521758451804,0.0,1123725733.17,171916.1,20.13222264979131,0.0,0.0,0.0,0.0,71357.15719829645,0.0,0.0,43547.9074780267,251.37281713011924,13.59925837515074,7.500833334,0.0,0.0,0.0,0.0,0.0,0.0,0.0,0.0,0.0,0.0,0.0,0.0,292.6202490012228,9508156136901.803,0.0,0.0,0.0,0.0,0.0,0.0,0.0,0.0,0.0,0.0,9542.691353858394,3938.091563913005,13709.611767733562,31388450676.0,21769885918.0,0.0,0.0,0.0
1962-01-01,8107.105403106831,0.0,1123725573.17,197337.1,11.32735991697058,0.0,0.0,0.0,0.0,76333.32110436232,0.0,0.0,44537.63220843647,342.67795100588785,19.15319511095063,6.80916666733333,0.0,0.0,0.0,0.0,0.0,0.0,0.0,0.0,0.0,0.0,0.0,0.0,339.94579204832104,10069800665044.305,0.0,0.0,0.0,0.0,0.0,0.0,0.0,0.0,0.0,0.0,9607.662773957,3857.791355649801,13871.160058349757,31961450525.0,22027090582.0,0.0,0.0,0.0
1963-01-01,8140.68000901117,0.0,1123725653.17,197358.1,11.64079486558726,0.0,0.0,0.0,0.0,82294.15698794599,0.0,0.0,45620.43223301399,432.6492560526537,12.6041945631001,7.04333333374999,0.0,0.0,0.0,0.0,0.0,0.0,0.0,0.0,0.0,0.0,0.0,0.0,331.56827179353934,10904062715707.117,0.0,0.0,0.0,0.0,0.0,0.0,0.0,0.0,0.0,37.6,9540.831610454561,3784.2893495856706,13893.488439797264,32669570904.0,22386521008.0,0.0,0.0,0.0
1964-01-01,8162.53970224348,0.0,1123725653.17,197358.1,11.573362289350559,0.0,0.0,0.0,0.0,89719.77656590665,0.0,0.0,46673.23966093255,494.84570045086804,11.183340458270571,5.83833333408333,0.0,0.0,0.0,0.0,0.0,0.0,0.0,0.0,0.0,0.0,0.0,0.0,346.65568834298483,12038641519734.588,0.0,0.0,0.0,0.0,0.0,0.0,0.0,0.0,0.0,38.1,9407.44066217519,3692.4036800686404,14046.208591859428,33383593387.0,22741766462.0,0.0,0.0,0.0
1965-01-01,8179.677569375178,0.0,1123725573.17,197358.1,26.8163411497463,0.0,0.0,0.0,0.0,96300.18689136523,0.0,0.0,47713.022941875766,704.5843118857675,13.20909992162547,7.74583333391667,0.0,0.0,0.0,0.0,0.0,0.0,0.0,0.0,0.0,0.0,0.0,0.0,360.5273456101564,13202490597670.91,0.0,0.0,0.0,0.0,0.0,0.0,0.0,0.0,0.0,37.5,9274.716687712604,3643.8454275583917,14111.642364301117,34107889109.0,23158888426.0,0.0,0.0,0.0
1966-01-01,8200.869789209646,0.0,1123725493.17,197358.1,27.132710923824988,0.0,0.0,0.0,0.0,101434.81471109882,0.0,0.0,48646.807504200675,1652.216083426177,14.64197087664405,7.54416666758333,0.0,0.0,0.0,0.0,0.0,0.0,0.0,0.0,0.0,0.0,0.0,0.0,357.70803305342855,14940674759666.488,0.0,0.0,0.0,0.0,0.0,0.0,0.0,0.0,0.0,37.8,9163.073619998682,3583.1503978995534,14280.472134403273,34862720932.0,23598576215.0,0.0,0.0,0.0
1967-01-01,8208.423879596356,0.0,1123725413.17,197337.1,43.03436699241957,0.0,0.0,0.0,0.0,106165.04683003497,0.0,0.0,49586.75001467176,546.95240672709,25.934813645119977,8.060000001833341,0.0,0.0,0.0,0.0,0.0,0.0,0.0,0.0,0.0,0.0,0.0,0.0,387.15439674123274,15878067502092.625,0.0,0.0,0.0,0.0,0.0,0.0,0.0,0.0,0.0,36.9,9039.353449715762,3508.8872022702712,14386.405599320631,35617144398.0,24030202871.0,0.0,0.0,0.0
1968-01-01,8225.107781829181,0.0,1123725333.17,197358.1,59.28787517097113,0.0,0.0,0.0,0.0,113255.99985376978,0.0,0.0,50564.50519525014,637.2812603622998,15.44246769598551,6.08666666858333,0.0,0.0,0.0,0.0,0.0,0.0,0.0,0.0,0.0,0.0,0.0,0.0,428.23379903278123,17169106776042.738,0.0,0.0,0.0,0.0,0.0,0.0,0.0,0.0,0.0,63.099999999999994,8947.654312603967,3458.336203662702,14467.011586546147,36392748854.0,24474259715.0,0.0,0.0,0.0
1969-01-01,8236.706614931572,0.0,1123725333.17,197358.1,59.01413104628409,0.0,0.0,0.0,0.0,122016.55160241124,0.0,0.0,51592.58587973423,453.52606078489265,6.669658167824864,6.90000000183334,0.0,0.0,0.0,0.0,0.0,0.0,0.0,0.0,0.0,0.0,0.0,0.0,414.7354435826022,18958045304965.676,0.0,0.0,0.0,0.0,0.0,0.0,0.0,0.0,0.0,63.9,8852.105397432453,3426.4647303742536,14526.120610254839,37196122867.0,24937014855.0,0.0,0.0,0.0
1970-01-01,8222.744888787965,0.0,1123725253.17,197358.1,79.15818512164944,0.0,0.0,0.0,0.0,133180.73449329587,0.0,0.0,52616.01663659548,528.8724149638767,9.496065280216342,10.15333333425,0.0,2002.51041517294,0.0,0.0,0.0,0.0,0.0,0.0,0.0,0.0,0.0,0.0,443.7841964840544,21772348845537.465,0.0,0.0,0.0,0.0,0.0,0.0,113.80542993545536,0.0,0.0,101.7,8808.983976614585,3391.936725457939,14607.976574885808,38012017992.0,25407183941.0,0.0,0.0,0.0
1971-01-01,8220.395421038886,0.0,1123725173.17,197358.1,167.8147678081222,0.0,0.0,0.0,0.0,202587.4818841663,0.0,0.0,53379.15157810915,600.5744945648618,57.72789870457146,12.17500000091666,0.0,1767.38557414432,0.0,0.0,0.0,0.0,0.0,0.0,0.0,0.0,0.0,0.0,439.3884283715221,23951296766935.984,0.0,0.0,0.0,0.0,0.0,0.0,200.4526455402374,0.0,0.0,103.5,8746.383624963006,3363.289420144212,14687.660811237507,38842828442.0,25877752149.0,0.0,0.0,0.0
1972-01-01,8241.950541854505,0.0,1123724573.17,197337.1,236.45464727535082,0.0,0.0,0.0,0.0,216534.43521774322,0.0,0.0,53910.587186868455,851.6726760231961,22.507910735174878,11.60083333425,0.0,0.0,626.0278231592667,779.3186542184087,0.0,0.0,0.0,0.0,0.0,0.0,0.0,0.0,442.8799693471535,27609337287068.16,0.0,0.0,0.0,0.0,0.0,0.0,189.7343835830688,0.0,0.0,65.5,8658.175496256004,3274.539673923541,14813.993911288177,39659978351.0,26328206928.0,0.0,0.0,0.0
1973-01-01,8264.84746901811,0.0,1123723763.17,197358.1,258.9980747231623,0.0,0.0,0.0,0.0,231962.56844146468,0.0,0.0,54486.31448962036,1745.07989350246,-28.02336801561416,9.23166666708333,0.0,0.0,735.3307057532105,884.6180141776161,0.0,0.0,0.0,0.0,0.0,0.0,0.0,0.0,461.3767076368197,33813917843483.918,0.0,0.0,0.0,0.0,0.0,0.0,209.11307919025415,0.0,0.0,99.8,8569.092362356476,3189.105091687032,15026.268758115037,40488562008.0,26773383649.0,0.0,0.0,0.0
1974-01-01,8265.060709747875,0.0,1123717083.17,197358.1,407.9695504421314,0.0,0.0,0.0,0.0,238811.26910877734,0.0,0.0,55063.00942667131,2770.4141487073985,-55.87456810199849,10.7166666673333,0.0,0.0,772.2099880059551,964.4560992205895,0.0,0.0,0.0,0.0,0.0,0.0,0.0,0.0,461.6767752516778,39245627227398.69,0.0,0.0,0.0,0.0,0.0,0.0,196.41436386108398,0.0,0.0,64.5,8494.624256804485,3145.9597220120418,15033.63273443926,41313674569.0,27199156059.0,0.0,0.0,0.0
1975-01-01,8251.763484301317,0.0,1123710933.17,197358.1,782.9826984634867,0.0,0.0,0.0,0.0,240808.07428684674,0.0,0.0,55690.73086863826,2229.0855909009665,-23.825209406794976,17.526708334333442,0.0,0.0,779.2697720794023,1129.944822546619,0.0,0.0,0.0,0.0,0.0,0.0,0.0,0.0,512.0690414870554,44096284587417.52,0.0,0.0,0.0,0.0,0.0,0.0,231.97745561599731,0.0,0.0,157.9,8406.475302612736,3179.8624023342345,15100.06004459738,42121877826.0,27627883736.0,0.0,0.0,0.0
1976-01-01,8263.944631371292,0.0,1123708863.17,197358.1,1220.1900242478087,0.0,0.0,0.0,0.0,256820.8026603836,0.0,0.0,56336.956459147754,1633.2457235290485,29.566795809886486,33.5832583356667,0.0,0.0,864.4078904422843,1155.9005956602184,0.0,0.0,0.0,0.0,0.0,0.0,0.0,0.0,527.3940894845786,47623659971920.28,0.0,0.0,0.0,0.0,0.0,0.0,218.78256046772,0.0,0.0,63.2,8350.773095629493,3161.4244529919706,15167.60751704523,42922240679.0,28027816861.0,0.0,0.0,0.0
1977-01-01,8288.149543012021,0.0,1123708053.17,197337.1,1673.6697291154526,0.0,0.0,0.0,0.0,267033.9468870894,0.0,0.0,57010.50501159421,1881.978831953391,12.91751041890697,37.11544166866667,0.0,0.0,900.3576346789022,1138.736345535157,0.0,0.0,0.0,0.0,0.0,0.0,0.0,0.0,556.7116009189364,53831679811434.47,0.0,0.0,0.0,0.0,0.0,0.0,237.77449858188626,0.0,0.0,163.5,8284.150469910044,3015.746120864639,15328.731240877714,43719780057.0,28418988061.0,0.0,0.0,0.0
1978-01-01,8310.297190207426,0.0,1123708053.17,197358.1,1920.7741324025471,0.0,0.0,0.0,0.0,280587.04507769964,0.0,0.0,57585.12860984268,1565.855120974469,3.101271618248159,41.74498333691674,0.0,0.0,891.9043916053361,1204.0427224642726,0.0,0.0,0.0,0.0,0.0,0.0,0.0,0.0,551.843055489763,63976096248284.984,0.0,0.0,0.0,0.0,0.0,0.0,203.22924983501431,0.0,0.0,95.3,8236.919454630639,2975.310123416033,15550.45086297437,44531924525.0,28783193647.0,0.0,0.0,0.0
1979-01-01,8322.13462647755,0.0,1123707737.43,197358.1,2085.986763424835,0.0,0.0,0.0,0.0,297654.94263010804,0.0,0.0,58314.88135925461,1804.91377057102,-57.12321644875155,48.43574167058319,0.0,0.0,866.0795468719537,1181.8995263459485,0.0,0.0,0.0,0.0,0.0,0.0,0.0,0.0,515.7001130857824,75166629464031.42,0.0,0.0,0.0,0.0,0.0,0.0,243.06240904331213,0.0,0.0,274.9,8225.114450448611,2922.4235116616546,15572.037596023165,45366321552.0,29124684164.0,0.0,0.0,0.0
1980-01-01,8337.99386782494,0.0,1123705687.43,197358.1,2443.881465030614,0.0,0.0,0.0,0.0,307414.901544156,0.0,0.0,59011.77517634483,2336.2110216648025,-71.09668227662522,53.92046966354079,0.0,0.0,897.7643892562985,1238.634768406256,0.0,0.0,0.0,0.0,0.0,0.0,0.0,0.0,523.6642683774245,86290203382453.7,0.0,0.0,0.0,0.0,0.0,0.0,295.28596293926233,0.0,0.0,277.3,8201.365672026286,2883.171416004096,15744.288033655122,46208043118.0,29457305194.0,0.0,0.0,0.0
1981-01-01,8352.995191022706,0.0,1123706127.43,197358.1,2521.042817750024,0.0,0.0,0.0,0.0,315821.623119369,0.0,0.0,59931.94526228938,2441.616463023307,84.51950046976984,63.17428020331821,0.0,0.0,915.9885509968599,1324.9386982224332,0.0,0.0,0.0,0.0,0.0,0.0,0.0,0.0,560.203912717977,89193740948658.06,0.0,0.0,0.0,0.0,0.0,0.0,242.20735991001132,0.0,0.0,433.8,8145.301818601414,2825.128903908957,15832.292802728303,47070599933.0,29791202203.0,0.0,0.0,0.0
1982-01-01,8363.97808187018,0.0,1123704797.43,197337.1,2699.152886505205,0.0,0.0,0.0,0.0,322855.6100233224,0.0,0.0,61137.59992525424,2227.094450842302,223.04277462405383,80.44950466162327,0.0,0.0,876.7717457522864,1376.5851609512763,0.0,0.0,0.0,0.0,0.0,0.0,0.0,0.0,577.374937803923,87454743902265.55,0.0,0.0,0.0,0.0,0.0,0.0,281.1816974878311,0.0,0.0,223.1,8109.276150002766,2798.3617965897542,15895.141834983186,47973281623.0,30164132494.0,0.0,0.0,0.0
1983-01-01,8361.425715840514,0.0,1123704477.43,197358.1,2602.2958713330786,0.0,0.0,0.0,0.0,335201.87428044295,0.0,0.0,62312.17839507727,2497.065224535819,164.97702765441937,93.97839146266172,0.0,0.0,901.7869379355806,1382.504182905705,0.0,0.0,0.0,0.0,0.0,0.0,0.0,0.0,556.3760080142638,89030828706012.58,0.0,0.0,0.0,0.0,0.0,0.0,255.51603209972384,0.0,0.0,242.2,8052.711081402701,2785.573827566627,15967.011499493061,48883646621.0,30551175681.0,0.0,0.0,0.0
1984-01-01,8393.821454373123,0.0,1123695557.91,197358.1,2596.4959878528025,0.0,0.0,0.0,0.0,360356.7760873221,0.0,0.0,63517.32228164072,3603.1495133045046,103.49345345498962,92.45842205360857,0.0,0.0,898.850460832823,1365.2654568414455,0.0,0.0,0.0,0.0,0.0,0.0,0.0,0.0,559.7281720431062,91580384821269.06,0.0,0.0,0.0,0.0,0.0,0.0,270.5141102075576,0.0,0.0,344.4,8003.567624267989,2758.4141533391526,16048.17155708884,49791649192.0,30921895675.0,0.0,0.0,0.0
1985-01-01,8409.310321126057,0.0,1123694958.39,197358.1,2726.6366152286505,0.0,0.0,0.0,0.0,373681.0321141154,0.0,0.0,64697.0004668098,14011.100162187728,69.31926868987343,102.76876070580663,0.0,0.0,943.4720825681001,1415.7953741856352,0.0,0.0,0.0,0.0,0.0,0.0,0.0,0.0,579.5587824725858,94660841246049.16,0.0,0.0,0.0,0.0,0.0,0.0,248.79221636056903,0.0,0.0,516.4,7941.64451857216,2725.1278518509644,16122.100298650452,50718944750.0,31295475094.0,0.0,0.0,0.0
1986-01-01,8417.885582484225,0.0,1123695558.87,197358.1,2729.937906998162,0.0,0.0,0.0,0.0,382927.9902181828,0.0,0.0,65897.08104123158,2210.4339848849336,250.70467889478905,109.67126920376553,0.0,0.0,941.9247387404098,1496.0474096012554,0.0,0.0,0.0,0.0,0.0,0.0,0.0,0.0,535.7240944149211,110653314138129.14,0.0,0.0,0.0,0.0,0.0,0.0,266.22701996564865,0.0,0.0,640.9,7881.638062781367,2664.7917412130682,16300.67802447619,51673605444.0,31676397151.0,0.0,0.0,0.0
1987-01-01,8438.879461697126,0.0,1123694959.35,197337.1,2813.249286170531,0.0,0.0,0.0,0.0,394979.0700227373,0.0,0.0,67153.44692565726,2204.348617288525,61.52586396801158,123.81764260693767,0.0,0.0,919.8612848235102,1491.9880556687478,0.0,0.0,0.0,0.0,0.0,0.0,0.0,0.0,572.5452634425499,126003496620739.08,0.0,0.0,0.0,0.0,0.0,0.0,242.10366952419278,0.0,0.0,829.3,7792.330648680526,2642.3961437963403,16365.81204509243,52654526631.0,32065201417.0,0.0,0.0,0.0
1988-01-01,8458.772927923217,0.0,1123694879.83,197358.1,2831.809161438025,0.0,0.0,0.0,0.0,407318.6525302403,0.0,0.0,68445.13037443484,3631.283477433431,674.2993517320859,126.82729255518917,0.0,0.0,965.1418161220197,1518.7034817325257,0.0,0.0,0.0,0.0,0.0,0.0,0.0,0.0,537.4205604077989,142462076594647.75,0.0,0.0,0.0,0.0,0.0,0.0,258.01852571964264,0.0,0.0,543.7,7704.692437298326,2661.036469529742,16394.96595129447,53642955786.0,32450850229.0,0.0,0.0,0.0
1989-01-01,8451.75647421662,0.0,1123684980.31,197358.1,2918.362320098004,0.0,0.0,0.0,0.0,413520.0283841169,0.0,0.0,69769.00983592187,9769.522599517244,25.53547983116399,120.52806624957232,0.0,78.256800399888,972.8704849827103,1458.768191236868,0.0,0.0,0.0,0.0,0.0,0.0,0.0,0.0,521.9774674208711,150834594015238.94,0.0,0.0,0.0,0.0,0.0,0.0,255.16102099418646,0.0,0.0,816.6,7597.43215427449,2559.609267868285,16516.96301668329,54631076905.0,32835339167.0,0.0,0.0,0.0
1990-01-01,8436.496458865535,7162.704111842467,1123684980.79,197358.1,2952.2778900016165,0.0,0.0,10436.543492246003,8229.47766132609,514692.3374543929,177641569.089169,269724315.783631,71391.99816643733,14184.359871401455,100.23599371554715,127.05389225174056,0.0,2993.3435638419273,1355.809876236095,1969.5310940323334,0.0,0.0,0.0,0.0,0.0,0.0,6.774784598870763,0.0,546.5410524259784,171424112889284.62,0.0,0.0,0.0,0.0,0.0,0.0,213.01262593269348,0.0,0.0,903.0,7561.759971593735,2558.5985518263365,16696.540497625032,55636421100.0,33221664057.0,0.0,0.0,609.9601026172352
1991-01-01,8507.964553089349,7449.095149651633,1123706461.27,197358.1,3093.4847450847733,0.0,0.0,10882.510638648224,8277.451599118109,511915.8093433567,179080474.314243,271526386.446103,73218.83254178813,6468.282496079528,114.13064873415836,207.56935955599008,0.0,3159.01903862052,1365.771773849249,2127.493106467523,0.0,0.0,0.0,0.0,0.0,0.0,13.79122748898182,0.0,636.3626471752085,176828556163554.06,0.0,0.0,0.0,0.0,0.0,0.0,241.13296627998355,0.0,0.0,812.4,7436.402744751429,2557.466562494748,16664.04207419937,56619592137.0,33586873928.0,0.0,0.0,638.0171473992957
1992-01-01,9360.479158044758,8308.88998069791,1362660589.75,209177.1,3266.016340559165,0.0,0.0,11876.710082355678,8414.287097345912,513092.61586974235,178863403.965152,270832226.092987,74592.80887258271,12070.94053014965,231.86626489439024,228.3145680448895,0.0,3098.224151838461,1407.4956387547861,2114.063229239035,0.0,0.0,0.0,0.0,0.0,0.0,24.58870381917505,0.0,553.3918692472043,188842669407481.16,0.0,0.0,0.0,0.0,0.0,0.0,268.74767464399326,0.0,0.0,1457.9,7306.590290815111,2565.2190678885213,16669.820487419496,57588075063.0,33938830200.0,0.0,0.0,766.4873194889058
1993-01-01,9501.644609532186,8382.728324272235,1363670504.23,211931.1,3426.7768864336904,0.0,0.0,12577.104248619287,8449.011562008802,515564.2328208907,179798320.33540198,272011460.45690703,76011.57497394577,20031.285918063124,259.16863784312784,218.13051428479767,0.0,3073.8153392742092,1428.6745850770592,2128.1799126262695,0.0,0.0,0.0,0.0,0.0,0.0,36.88849782106709,0.0,563.684861003009,193765019984079.06,0.0,0.0,0.0,0.0,0.0,0.0,283.53898000717163,0.0,0.0,1087.7,7161.142591921239,2541.6049461456714,16723.30572921403,58551119420.0,34283307727.0,0.0,0.0,802.5396389779053
1994-01-01,9488.238512609587,8380.179232137145,1363520388.71,211931.1,3456.610670208323,0.0,0.0,12917.14356699247,8457.239139301208,522660.8547371788,180107307.938819,273972428.29271203,77181.4381435977,42422.76833807626,217.59644626962398,318.2661617466791,0.0,3296.1417327716276,1447.6891124414822,2286.9893848565757,0.0,0.0,0.0,0.0,0.0,0.0,74.52119530573249,0.0,533.0441400822416,205962708944153.28,0.0,0.0,0.0,0.0,0.0,0.0,374.5855742692947,0.0,0.0,1120.0,7011.605490730086,2569.4618675913075,16866.964302210083,59506437753.0,34614452170.0,0.0,0.0,1003.5020654148216
1995-01-01,9479.656442955358,8367.851291773344,1363487629.19,211931.1,3524.5600552485666,0.0,0.0,13460.65172079529,8500.414915835376,533352.2200318577,185884306.489241,281485129.659604,77975.01791876479,8839.33500745107,263.7069480310643,328.580635613663,0.0,3355.23327940171,1662.6129059324655,2629.414066521303,0.0,0.0,0.0,0.0,0.0,0.0,158.75123331153674,0.0,470.93215823240547,230490280496147.9,0.0,0.0,0.0,0.0,0.0,0.0,379.1936429738999,0.0,0.0,1501.3,6879.872131890865,2479.6247742814803,16982.936029056054,60454527460.0,34935655931.0,0.0,0.0,963.0626812573862
1996-01-01,9480.524707995126,8355.459203873424,1363483057.894,211931.1,3657.350773266461,-2.3206157023087424,52.47711309790611,14083.10712378581,8418.67603336228,543977.6960710736,189374363.89483798,286203177.187539,79400.44568801309,7147.66498721179,913.7492625611848,330.3179517390554,72.83247890664552,3093.446248464551,1645.3873901629813,2561.710826215821,-2.3560642078519525,32.65125162899492,0.0,0.0,0.0,0.0,299.71315436164156,0.0,457.28584959942344,237885427909825.1,-1.3600105270743423,77.5967887341976,-2.930536506464703,55.025054812431314,-2.925409235525892,58.85949325561523,382.5287499427795,0.0,0.0,1531.5,6757.136472215134,2454.747356903936,16974.941637609594,61402691069.0,35252547024.0,-1.93261353671551,47.92606779932975,889.1535817612199
1997-01-01,9494.417124037176,8342.934298063243,1363764841.592,211910.1,3642.335286374611,0.0,0.0,14452.67186480187,8322.051258358559,554749.0238337402,192332040.79944,288839224.122102,80577.02873191949,3310.549752519029,942.6430607532055,402.5782925574943,83.01799429496273,3263.85761419335,1725.9707914122362,2543.5546340577575,0.0,0.0,0.0,0.0,0.0,0.0,526.4340906791076,0.0,459.0333707068763,237809301884625.06,0.0,0.0,0.0,0.0,0.0,0.0,166.9292150735855,0.0,0.0,1333.1,6623.157217335506,2421.8712692929753,17031.531671992885,62347607121.0,35556104484.0,0.0,0.0,932.6881195172759
1998-01-01,9502.66013824377,8336.68580060343,1363478593.284,211931.1,3696.474276295838,-2.3505309093743834,46.97095769643781,14990.775097560796,8275.974075601169,570889.3684801697,193619011.45474,290989493.928,81714.56223468538,1823.749533866706,1154.4185129569157,352.27590767186433,79.10300064901082,4056.0766236205586,1721.9390040258227,2715.0200292863083,-2.6096489280462296,43.72550968825816,0.0,0.0,0.0,0.0,861.0084240159472,0.0,469.37033845921735,237567346084456.88,-1.2784792818128576,71.10993397235868,-2.908072008285639,54.60418988764287,-3.0336101818829686,61.45724922418593,415.48787200450903,0.0,0.0,1847.7,6493.861068943405,2439.522959788146,17053.73403114442,63286046089.0,35845694670.0,-2.0140436617658226,48.5258605927229,882.8133220406228
1999-01-01,9516.507690362005,8324.258858446758,1363553374.97,211931.1,3850.77490767258,0.0,0.0,15587.074684415347,8265.11649450759,580762.3325441248,194223935.940225,292144913.451123,82651.2416404219,2250.0040428813863,914.9435656654882,299.17955685894935,88.00912286651996,3729.9708037881273,1793.4064460528557,2675.442432632702,0.0,0.0,0.0,0.0,0.0,0.0,1328.8967524140048,0.0,485.8851822208842,241767195738988.66,0.0,0.0,0.0,0.0,0.0,0.0,657.3305592536926,0.0,0.0,1519.4,6398.152530756134,2380.5699444510806,17151.967752355755,64215645360.0,36122388406.0,0.0,0.0,881.8187740917742
2000-01-01,9597.363389414457,8368.256842351922,1364459342.336,210756.1,3894.3673473617164,-2.4194084741175397,49.766531169414534,19291.860976159765,8243.57864174315,603212.7105714384,200583484.107186,299829201.715536,84060.86366036086,2336.675515227944,742.0199292162504,363.65227459972795,96.89605354599401,3145.528772808637,1675.8226232348786,2537.3323688795576,-2.4427851426880745,45.64830234646798,0.0,0.0,0.0,0.0,1974.7249921749474,0.0,453.03565426939844,250070986438032.66,-1.0560828909947209,71.06346702575681,-3.014156726305397,48.662747204303756,-3.0711489294189986,55.59056635200978,728.9830279350282,674.8393536426448,0.0,2033.1,6334.778599305149,2336.9548194699337,17340.600577952664,65140124693.0,36382004336.0,-2.079941838979723,45.27081914246083,993.0356144556424
2001-01-01,9584.11117384169,8358.087142796834,1364446468.21,211931.1,4026.811333764314,0.0,0.0,19430.975654544844,8134.563913366631,612052.6954747945,204726160.350811,304278106.97960603,79924.69664002159,1838.2170468486165,1058.4470645861552,398.3495398915218,103.03689361720996,3088.9288694830193,1752.2886000331523,2693.2049800056466,0.0,0.0,0.0,0.0,0.0,0.0,2449.9425497708403,0.0,440.7574258045481,249427536755595.78,0.0,0.0,0.0,0.0,0.0,0.0,708.3805613517761,686.2542130457281,0.0,1677.0,6232.4862397801035,2311.2033418276937,17353.117154614552,66066420884.0,36595606261.0,0.0,0.0,1102.6474048445791
2002-01-01,9574.95308131308,8348.666405967007,1364419781.37,211910.1,4143.720001718069,-2.319647887838113,45.78635314106942,19566.775160379297,8162.493156374965,624333.4506460776,208557912.287872,309318885.925951,80095.6775079458,1227.7235289833336,1054.9554923885428,458.3830353724573,103.30371183187401,3264.606862311705,1817.5922102374666,2902.8548496742965,-2.41281051188708,39.64377799630164,0.0,0.0,0.0,0.0,3200.281510036203,0.0,443.60884521183874,259390841240265.22,-1.5483355491887871,65.81516328454019,-3.020472936332195,51.27620513737201,-2.890162989497185,46.21095302700994,749.0607401132585,687.9959648373045,0.0,2376.1,6144.935114723485,2295.698930994026,17422.730568919746,66995501170.0,36775209325.0,-2.097242721822131,39.20031017065049,1170.578712019271
2003-01-01,9558.558915666046,8338.068441804631,1364496109.528,211931.1,4204.790981753522,-2.5223847888410753,42.35006390511989,19741.598612855236,8078.350753066084,638518.9413387369,220142305.469856,323123857.716293,80742.51755512418,1226.6687214941255,909.7228828503396,387.45013192463864,109.9792913226468,3204.251584756529,1890.3958494505978,3002.704989103654,-2.583712199702839,43.05824697017673,0.0,0.0,120.4,0.0,3690.4779960465057,0.0,433.97476422458624,292640280161473.25,-1.8027229313739142,64.47554004192352,-2.879253241000681,50.22368569672107,-2.8620934644713643,38.11029075086116,674.3189260959625,703.5646874655612,0.0,2357.3,6076.203242224803,2277.512804921429,17498.489254847136,67923764214.0,36942794999.0,-2.120122657273883,38.971147313714,1067.8013565612332
2004-01-01,9503.935854794405,8324.73782361735,1366697830.391,211931.1,4481.626147363673,-4.910114269703632,43.354560717940316,19856.941910880916,8013.409933393014,651684.1750726216,231812974.011453,337545421.567434,81097.55227037353,1106.70878545375,628.0877925385331,448.79590993273825,110.65426660883516,3051.8863877010253,1955.8421884460004,2998.1404403202487,-5.98548444733025,47.19884105026723,0.0,0.0,55.5,0.0,4317.829710203788,0.0,408.8943707702448,332645784376864.44,-3.943627985427146,63.09248217940328,-5.613199700135756,45.26424403488636,-5.235415137634822,42.886613473296165,721.7569721937178,698.2185356448654,0.0,2654.1,6068.624300950908,2263.6286523677018,17591.483247798005,68853652679.0,37096421313.0,-4.786938847042562,38.29107458889483,1133.166650522507
2005-01-01,9485.646527893921,8314.390672796882,1366727998.6890001,211931.1,4844.03646857104,-6.21096044033766,39.959801182150834,19982.04668364576,8032.870297491467,670647.5770469031,242437591.783891,350435515.603585,82159.89287921465,1287.4381601467046,650.2993625026543,463.8952923416428,111.6108476929389,3118.8335158650375,2174.3770907560593,3061.8104228829907,-6.966079318895932,42.14397129416466,0.0,0.0,56.0,0.0,4866.791234529153,0.0,388.08096659139136,364401890516620.75,-4.5508646829985056,62.11439260840418,-7.423563187825408,42.670955598354325,-6.303114074282347,35.18892394006252,678.6474891901016,699.1948167462522,0.0,2967.0,5995.524337311084,2231.410197933662,17741.894398570923,69788035528.0,37238306141.0,-4.952044380028375,38.1049295514822,1088.2179282213267
2006-01-01,9551.412788513873,8389.858537952949,1367854720.361,211931.1,4972.617454444344,-5.953349666669976,40.16097737848759,20229.691917891498,7951.143527802023,685576.2964007276,252506949.881156,362317888.098011,83023.70457984957,1277.6798382103093,576.204288705352,431.26711832567264,113.19542436783989,3085.0239430121915,2301.4866235395775,3121.799446394002,-6.633684321306619,46.605538919568055,0.0,0.0,1144.1,0.0,5447.100475392551,0.0,374.3261471831648,400201921565279.0,-4.7412715528625995,58.979565709829345,-6.803392896894337,41.173667579889305,-6.4508085851557535,41.84269095957279,687.7444576621057,691.4960295294308,0.0,2909.5,5976.798761097883,2200.583041403915,17768.47838414255,70726561262.0,37377191168.0,-4.3834340292960015,32.655638456344604,1113.670581461818
2007-01-01,9523.821518803976,8381.944093435464,1367852280.606,211910.1,5183.142163536076,-6.437714320141803,41.5941410511732,20337.394062846513,7830.960543585232,697718.2002163201,263345396.812602,375445097.97496897,83854.18679586974,1298.0088405621955,653.7041900018783,436.51772522528563,117.76319639618023,3159.3627265369673,2366.479572475683,3111.2793693162807,-6.52626360300932,50.87750531733037,0.0,0.0,461.0,0.0,6148.969467360656,531.686837699877,374.76484243336637,458607601831973.2,-4.564520672429297,56.332861259579644,-6.204531393537764,41.131585150957086,-6.227842643856981,44.985510528087616,632.4964477419854,705.1583615916627,0.0,2515.4,5937.829894166391,2175.6899127772713,17849.28367767576,71663396001.0,37513302412.0,-4.2235988201573464,32.313445046544075,1187.133446115475
2008-01-01,9544.76849175053,8373.720504892593,1367750521.1269999,211910.1,5294.6986877595255,-5.459304869174989,41.51281897723675,20512.13841380498,7842.422590978934,709044.6228545244,266902252.971345,380305565.824893,85212.46498610749,2348.9666498722227,329.72049830688076,424.93991943730373,122.42237332208354,3476.3983089460767,2460.9936727832905,3462.6577345104147,-5.930930270813413,51.574473425745964,0.0,0.0,205.1,0.0,6799.028874930542,0.0,386.6765770168655,512407331613685.44,-4.171447251457714,57.171841740608215,-5.4272180789266455,38.779456332325935,-6.233350798487673,44.360855221748345,762.3250495195389,713.9629881658121,0.0,2776.3,5930.264629631875,2151.1193181181084,17932.124025669444,72617128291.0,37635664621.0,-4.225212907651457,31.916264399886128,1315.0197242546005
2009-01-01,9548.29161510034,8365.239913374315,1367724751.066,211910.1,5215.511494833797,-4.375996014103286,40.74754621088504,20629.099592056373,7863.605372041527,689628.6751916765,266192635.280423,379429888.999826,86530.46579463202,911.067544912371,1451.1958622179043,516.8277862441885,123.76442966512052,3959.446428253735,2382.883544521079,3800.370733398779,-4.439661677228298,48.43127749860285,0.0,0.0,1516.3,0.0,7466.20472489476,0.0,411.20792968698345,486214127664482.8,-5.699823654256802,56.390094131231315,-4.47696216404436,36.83520044386387,-4.721249630674712,42.74351756274699,811.9755020141603,770.5912652262309,0.0,2967.0,5887.844033177316,2118.051800982821,18036.76652658232,73582725859.0,37758191296.0,-4.103075500810498,31.16400340199471,1302.872934151204
2010-01-01,9548.106412997806,8356.633923925692,1367748137.761,211910.1,5234.870487469547,-4.892408578656669,40.68133410811425,20856.764119035164,7799.50214970406,719938.7762444782,283467660.772229,399827227.039995,87886.85478760599,978.5507469994343,610.247756295174,550.1102703188544,124.85278419802093,3988.3369766838914,2538.5069668048613,3816.0962947410376,-4.343809678452105,48.63386911153792,61.1101771891117,0.0,1434.9,0.0,8194.791201395605,571.6727301264305,378.3110446166184,540083425137857.44,-6.818462023511568,54.747529983520494,-4.438276614993844,36.50072371959686,-4.444900734350071,43.151444301009185,816.687993645668,761.0213277413695,1210.1222032877301,3022.8,5848.99147095873,2106.451365807638,18116.938615205625,74557637716.0,37880569184.0,-4.302517428994198,30.54725518077612,1400.073529413471
2011-01-01,9561.064855002654,8382.090589681604,1367755460.111,211910.1,5584.662593826951,-6.147702897433175,39.59880056977272,21062.709044072428,7735.334383299715,721651.5996563536,295140816.433336,413941482.634575,91233.30314720064,1520.2341678571004,428.40123256095126,506.30538193710726,126.68463826650795,4128.357144688398,2722.8188049400424,3901.27500180701,-5.772648910526202,48.72818465530873,0.0,0.0,81.1,0.0,8971.727184500764,0.0,349.90903982291115,604897546055706.9,-6.412731705291676,55.30174450576302,-6.169161077821615,35.033848240971565,-5.571969040240207,42.97683654725551,808.7418278455735,763.2077004254065,1105.70957923639,2854.5,5762.838906670455,2071.080550414393,18220.368970695316,75541136071.0,38025942236.0,-5.529128388967383,30.408696852624423,1315.5800809546947
2012-01-01,9590.737561035021,8380.222318208338,1368474211.192,213060.1,5630.966840581354,-5.956898825243099,38.02195597440005,21244.874176877027,7734.860266041987,725151.1564409129,300299863.057341,420342074.282702,92756.7947109495,1319.0005354465384,815.2586316886742,515.5365086838931,126.96534635050581,4321.82609642947,2834.9570561865544,4087.3353067136118,-5.738570922287185,47.80590771138668,0.0,0.0,97.5,0.0,9569.511468597391,570.0003109924162,368.70867861522424,620913254693348.1,-6.151234116521623,50.81722648441791,-6.0468879630789125,35.496188968420036,-5.63384413160385,45.38475081324575,914.2065235376357,762.6916259078981,1062.93,3081.3,5727.978968141709,2062.1156436541355,18298.179114325667,76558069763.0,38184182774.0,-5.5126697595696745,29.878844156861316,1612.36804736122
2013-01-01,9583.983485162615,8368.84914488083,1368460317.219,213060.1,5748.44334710772,-5.959687089663916,37.70811487734318,21403.68726194652,7789.839102497378,727172.932750897,306940988.951661,427662771.970446,93928.15698967155,964.5538568145209,975.1868748985491,547.1934134612455,130.76374860276425,4321.37983789961,2769.1454858998272,4029.1792154778723,-5.727112078573565,45.71530057489873,0.0,0.0,1195.2,0.0,10106.580167671296,0.0,381.6350991979174,642979616589975.4,-5.837340739904908,52.06068386137486,-6.019554636906797,35.43916554749013,-5.5987752508372495,45.18530099093914,887.2822211980819,767.9439881555372,1214.6072112211607,2764.6,5620.986427015346,2041.5956254599164,18367.286954995572,77584728714.0,38331076679.0,-5.520254824077715,29.100440256297585,1004.4599502523006
2014-01-01,9573.24340335678,8358.26525119568,1368451539.098,213060.1,6120.235614454463,-6.096151804551494,37.647304646670825,21586.574030513802,7731.703289640219,726447.9873436751,308628456.24011,431003389.916188,95319.16219140867,855.6884124020696,1076.8646185620428,519.2218768303312,128.81093345307772,4506.856271766879,2855.6522014134416,4385.716449004519,-6.421582091599744,49.58789703249932,0.0,0.0,258.5,0.0,10822.812715835127,592.8446133837355,397.1743313480688,661417812713070.2,-5.094196045305552,43.92557643353939,-5.198975757695743,38.331557795405395,-7.258065563626582,47.67224009335041,906.027721762657,783.795707150785,1318.396942763535,2989.0,5602.099673273662,2035.431696932429,18439.282577180806,78611863231.0,38462424292.0,-3.4354466914665096,30.31387954950332,1303.7777089828785
2015-01-01,9611.216031719723,8348.045408361104,1368497688.368,213060.1,6164.869320231598,-5.745735094882555,35.98871833086014,21735.664292020378,7680.238713560138,910.0,306365564.651382,429800904.826482,96629.2287450628,837.9046191568611,1183.2438683782461,462.1972855367282,141.04419602365004,4486.835763631135,2846.80053248404,4443.264195797565,-6.350649240077489,49.45259393751624,0.0,0.0,95.3,0.0,11480.285234822282,0.0,379.2290211328821,620467355610743.9,-5.451223843498129,43.81456290185449,-4.959797455812797,37.674426123499885,-7.340046982280893,45.62871766090392,940.5007902383804,802.6871390943152,1073.3169480887657,3118.3,5472.852603239489,2033.4719189305897,18491.491228858744,79631061402.0,38575114251.0,-3.4464280363172257,30.03593856096268,1271.0449870745417
2016-01-01,9614.65506760807,8330.887028157507,1368555063.648,213060.1,6238.838328501154,-5.7722394177690575,36.84914858639241,22028.140209717614,7630.0655379063555,956.0,307416548.488768,431982901.200845,97732.75582072415,1412.699601111246,945.3637763644912,442.68430762808026,130.3076374477105,4575.48892997004,2794.88118057583,4360.899222366886,-6.684809409547603,48.11570706963539,0.0,0.0,488.5,9762.605833333333,12467.457164906209,589.8774034609929,372.3509085986245,628992462954374.8,-5.322024237597388,44.96765781939027,-5.804518633522116,41.46238993108273,-6.7005916819907565,47.35389678180218,918.204300403595,810.1491747092048,1278.8896719237987,2905.1,5390.296870157054,2018.4570421856756,18568.91020959859,80649881615.0,38682039749.0,-3.568080600816736,29.11573012173175,1180.228317689545
2017-01-01,9629.921101097429,8319.689050068511,1368475343.743,213060.1,6272.358741370595,-5.932016616687144,34.43207789212465,22223.309947819384,7582.075681086671,1021.0,313231764.618191,439886580.962133,98402.91205168715,1086.6252105240326,668.5145631269404,457.7901270866757,138.71781296574036,4325.347601048567,2772.7085340911203,4281.343485534546,-6.687719554640365,49.29557639360427,89.045,0.0,552.6,10457.469166666666,13364.863278063678,0.0,363.8721902410894,674270141669261.4,-5.262107135960844,46.58997271955012,-5.676483978051673,39.07445316016673,-6.528857693541875,46.999352931976304,925.5546604543924,808.7145771286968,1118.8265411694185,2697.7,5268.553045340189,2009.4721247805455,18628.172774291506,81670269451.0,38784238929.0,-3.606849666684907,29.05393567681312,1120.329934711269
2018-01-01,9618.19644132909,8306.951316501814,1368481026.225,213060.1,6375.146715039003,-5.912621995666977,34.841469794511795,22390.328068350424,7605.286802483254,1064.0,322343484.868709,450714731.86667097,97984.98238066683,920.6625997217578,629.4940257656476,403.46523910584114,135.7673975146419,4288.960868279619,2698.411419771008,4078.038239798973,-6.7745632892474,49.80792224407197,94.43310996890068,0.0,301.5,10931.972083333334,12130.199820989807,586.6373035467722,353.2202509271829,716276679071923.8,-7.035916900029409,45.93357433378697,-5.681600883952377,37.78084172308446,-6.564574041403807,47.11387364566326,875.8707888424398,813.7516421151382,1155.2410876691913,3217.3,5171.055971709912,2005.1445738447055,18608.70084727142,82673801757.0,38872370474.0,-6.180420443881271,30.583115570247177,1025.4230946034995
2019-01-01,9618.922385711308,8293.888207511263,1368471636.016,213060.1,6469.400716279839,-5.8398042665794705,36.514718130230904,22536.376913753156,7579.229155029491,1084.0,323190967.018148,452882814.127276,98933.60654282925,1040.6416940740137,748.8417261359203,336.1751260235418,145.4261320731874,4696.95620235083,2649.299761790473,4080.85640628586,-6.788602461339902,51.263301834464066,0.0,18130.0,898.4,10974.14625,14021.302618707687,0.0,353.2925407776632,727079448303818.4,-7.08745929202997,48.91685424745084,-5.571683932561453,38.194938093423836,-6.88978345191569,46.89073868095876,868.7936756908894,823.1233533944207,937.995601092999,2664.7,5080.218609904241,2000.4032991847942,18664.55966780586,83655866181.0,38946872927.0,-5.9516225182450855,28.92595095932484,964.070572429513
2020-01-01,9612.311479595435,8282.073343848913,1368432548.435,213060.1,5219.57498255882,-4.927624267991618,36.63513635098935,22676.292159555345,7848.146838526699,0.0,310528345.976476,440220226.510455,99534.58245670794,1490.8215685775308,805.8737453468585,325.69326945185327,148.53246777896618,5331.0155872225005,2447.1462438751587,4540.038217703629,-6.735335842473448,55.672684103250525,97.66265845298767,0.0,500.7,11771.720416666667,14818.611113297678,0.0,375.95726608385104,704740384608050.8,-7.2224687095731195,49.09790594875813,-5.701527178287482,37.695586770772934,-6.2664926588767695,50.26002691686153,920.3357485532761,950.087149584807,835.53,2206.7,4974.952985053488,2137.390229856831,18498.118404116078,84607039146.0,39006970728.0,-5.998165158554918,29.36916211992503,902.9168991083338
2021-01-01,9611.066884689435,8269.70132385301,1367538278.748,0.0,5472.267579504142,-4.99515765067191,39.86206403374672,22823.53971608159,2115.33,0.0,0.0,0.0,99045.51420963398,1635.4175373678715,155.56341082503639,302.4311677207575,131.46307595167764,4550.926831884429,2184.0960263226666,3676.91318920295,-6.560512038413451,55.6936678439379,0.0,0.0,1847.5021429012113,12529.415416666667,15674.626075648763,0.0,369.7143448801895,808317089687717.4,-7.237800282891833,49.47599878907205,-5.738852525129942,38.76178076863288,-6.402765634702496,49.05426611006258,827.5763734579086,56.24222468,0.0,2403.8,4897.709660330467,2285.21142296408,18342.990098317205,85471464179.0,39031251551.0,-6.119936322793375,29.650660209357742,877.8328872122995
2022-01-01,0.0,0.0,0.0,0.0,5718.350317658153,-5.512994146905854,40.22209078073502,0.0,0.0,0.0,0.0,0.0,0.0,2465.998771861881,-76.08271192728961,259.29740218441634,0.0,878.3995473790249,394.5754617112219,623.3464298225048,-8.01349597198346,56.552795603871346,0.0,0.0,95.7,12780.177500000002,5726.551363255597,548.6375974538296,390.18079317509023,841731941972871.4,-7.2298860205337405,49.16333979368208,-4.79196838848291,39.276202023029334,-6.4430585345253215,49.473805367946596,428.4176040887833,0.0,0.0,944.4,0.0,0.0,0.0,86253489797.0,39012477896.0,-6.061754902591959,29.32665970921517,0.0
2023-01-01,0.0,0.0,0.0,0.0,0.0,0.0,0.0,0.0,0.0,0.0,0.0,0.0,0.0,0.0,0.0,0.0,0.0,0.0,0.0,0.0,0.0,0.0,0.0,0.0,38.0,0.0,0.0,0.0,0.0,0.0,0.0,0.0,0.0,0.0,0.0,0.0,0.0,0.0,0.0,87.19999999999999,0.0,0.0,0.0,0.0,0.0,0.0,0.0,0.0
